<?xml version="1.0" encoding="UTF-8"?>
<project-private xmlns="http://www.netbeans.org/ns/project-private/1">
    <editor-bookmarks xmlns="http://www.netbeans.org/ns/editor-bookmarks/2" lastBookmarkId="0"/>
    <open-files xmlns="http://www.netbeans.org/ns/projectui-open-files/2">
        <group>
            <file>file:/D:/Projects/Billing%20System%20-%20Java/Posei_Com/src/posei_com/home.java</file>
            <file>file:/D:/Projects/Billing%20System%20-%20Java/Posei_Com/src/posei_com/Posei_Com.java</file>
        </group>
    </open-files>
</project-private>
